<?xml version="1.0" encoding="utf-8"?>
<!-- Modified for XSLT Benchmark by Kevin Jones -->

<chessgame event="World Championship"
           site="Lyon, France"
           date="1990.11.24"
           round="13"
           white="Karpov, Anatoly"
           black="Kasparov, Garry"
           opening="Grunfeld-Indian"
           result="1/2-1/2">


<move> <white>P d2-d4</white>   <black>N g8-f6</black></move>
<move> <white>P c2-c4</white>   <black>P g7-g6</black></move> 
<move> <white>N b1-c3</white>   <black>P d7-d5</black></move>
<move> <white>P c4-d5 x</white> <black>N f6-d5 x</black></move> 
<move> <white>P e2-e4</white>   <black>N d5-c3 x</black></move> 
<move> <white>P b2-c3 x</white> <black>B f8-g7</black></move> 
<move> <white>B c1-e3</white>   <black>P c7-c5</black></move> 
<move> <white>Q d1-d2</white>   <black>O-O</black></move>
<move> <white>R a1-c1</white>   <black>Q d8-a5</black></move>
<move> <white>N g1-f3</white>   <black>P e7-e6</black></move>
<move> <white>P d4-d5</white>   <black>P e6-d5 x</black></move> 
<move> <white>P e4-d5 x</white> <black>R f8-e8</black></move> 
<move> <white>B f1-e2</white>   <black>B c8-f5</black></move> 
<move> <white>O-O</white>       <black>N b8-d7</black></move>
<move> <white>P h2-h3</white>   <black>N d7-b6</black></move>
<move> <white>P g2-g4</white>   <black>B f5-d7</black></move>
<move> <white>P c3-c4</white>   <black>Q a5-d2 x</black></move> 
<move> <white>N f3-d2 x</white> <black>N b6-a4</black></move> 
<move> <white>B e2-f3</white>   <black>N a4-c3</black></move> 
<move> <white>R c1-c3 x</white> <black>B g7-c3 x</black></move> 
<move> <white>N d2-e4</white>   <black>R e8-e4 x</black></move> 
<move> <white>B f3-e4 x</white> <black>R a8-e8</black></move> 
<move> <white>B e4-d3</white>   <black>P b7-b6</black></move> 
<move> <white>K g1-g2</white>   <black>P f7-f5</black></move> 
<move> <white>P g4-f5 x</white> <black>B d7-f5 x</black></move> 
<move> <white>B d3-f5 x</white> <black>P g6-f5 x</black></move>
<move> <white>R f1-d1</white>   <black>K g8-f7</black></move>
<move> <white>R d1-d3</white>   <black>B c3-f6</black></move> 
<move> <white>R d3-a3</white>   <black>P a7-a5</black></move> 
<move> <white>R a3-b3</white>   <black>B f6-d8</black></move>
<move> <white>R b3-c3</white>   <black>B d8-c7</black></move>
<move> <white>P a2-a4</white>   <black>K f7-f6</black></move> 
<move> <white>K g2-f1</white>   <black>P f5-f4</black></move>
<move> <white>B e3-c1</white>   <black>K f6-f5</black></move> 
<move> <white>R c3-c2</white>   <black>R e8-g8</black></move> 
<move> <white>R c2-e2</white>   <black>B c7-e5</black></move> 
<move> <white>B c1-b2</white>   <black>B e5-d4</black></move> 
<move> <white>B b2-d4 x</white> <black>P c5-d4 x</black></move> 
<move> <white>R e2-e7</white>   <black>P d4-d3</black></move>
<move> <white>K f1-e1</white>   <black>R g8-c8</black></move>
<move> <white>K e1-d2</white>   <black>R c8-c4 x</black></move>
</chessgame>

